Wavelength / nm,Molar Absorptivity / M-1 cm-1
250.0228,25038.83482
250.2378,24917.24649
250.4528,24764.52231
250.6677,24624.40924
250.8827,24501.00934
251.0976,24356.84596
251.3125,24250.54122
251.5274,24113.49035
251.7423,23973.03629
251.9572,23866.75316
252.172,23758.96952
252.3869,23494.71667
252.6017,23214.57134
252.8166,23019.72191
253.0314,22767.50085
253.2462,22589.3171
253.461,22411.15394
253.6758,22225.23834
253.8906,22053.42602
254.1053,21857.25879
254.3201,21674.77881
254.5348,21507.37063
254.7496,21343.52676
254.9643,21200.0658
255.179,21075.53166
255.3937,20967.24299
255.6083,20833.39242
255.823,20748.79264
256.0377,20685.54311
256.2523,20585.2631
256.467,20505.25
256.6816,20447.1569
256.8962,20368.74201
257.1108,20297.30307
257.3254,20267.78511
257.54,20210.55727
257.7545,20169.77082
257.9691,20128.8786
258.1836,20111.45524
258.3981,20148.91741
258.6127,20147.08539
258.8272,20181.64073
259.0417,20218.69265
259.2561,20255.12341
259.4706,20323.42788
259.6851,20361.04071
259.8995,20418.9282
260.114,20456.97115
260.3284,20502.16101
260.5428,20569.29692
260.7572,20569.28195
260.9716,20597.23357
261.186,20637.15233
261.4003,20643.89799
261.6147,20677.45416
261.829,20717.16763
262.0433,20738.67005
262.2577,20776.41453
262.472,20816.76496
262.6863,20817.52118
262.9005,20829.13137
263.1148,20782.21011
263.3291,20797.40659
263.5433,20779.0219
263.7576,20694.92276
263.9718,20668.00784
264.186,20615.8047
264.4002,20590.1847
264.6144,20536.17656
264.8286,20530.5129
265.0427,20581.01019
265.2569,20570.92455
265.471,20650.4851
265.6851,20750.88929
265.8993,20838.59928
266.1134,20972.79792
266.3275,21094.93571
266.5415,21191.67573
266.7556,21306.50479
266.9697,21418.38373
267.1837,21525.8885
267.3978,21638.84134
267.6118,21718.02588
267.8258,21766.78517
268.0398,21846.49114
268.2538,21856.8322
268.4677,21901.52821
268.6817,21887.66567
268.8957,21899.95668
269.1096,21893.43455
269.3235,21875.37703
269.5374,21880.82802
269.7514,21798.54934
269.9652,21703.82855
270.1791,21585.29089
270.393,21477.43288
270.6068,21364.56857
270.8207,21247.2156
271.0345,21145.05074
271.2483,21018.6461
271.4622,20925.55173
271.676,20820.79777
271.8897,20766.47313
272.1035,20753.88997
272.3173,20716.79659
272.531,20749.05089
272.7448,20761.58798
272.9585,20840.7438
273.1722,20904.88764
273.3859,20922.1407
273.5996,20940.04634
273.8133,20982.96371
274.0269,21075.94683
274.2406,21153.00085
274.4542,21244.34072
274.6679,21303.03196
274.8815,21391.99942
275.0951,21478.83988
275.3087,21573.46122
275.5223,21646.94928
275.7358,21725.5625
275.9494,21837.59809
276.1629,21901.26665
276.3765,21958.93003
276.59,22024.23556
276.8035,22069.43979
277.017,22126.22447
277.2305,22160.68716
277.444,22185.02587
277.6574,22222.2063
277.8709,22293.95262
278.0843,22307.36182
278.2978,22318.34156
278.5112,22336.06166
278.7246,22320.78592
278.938,22335.76684
279.1513,22315.12084
279.3647,22288.03424
279.5781,22256.44404
279.7914,22240.48411
280.0047,22200.59468
280.2181,22145.52198
280.4314,22048.31658
280.6447,22001.29876
280.8579,21973.27662
281.0712,21909.7236
281.2845,21851.9373
281.4977,21770.46145
281.711,21714.40817
281.9242,21634.0388
282.1374,21508.12498
282.3506,21381.11643
282.5638,21223.01714
282.7769,21074.2241
282.9901,20948.3769
283.2033,20801.30842
283.4164,20617.10894
283.6295,20460.5848
283.8426,20260.73682
284.0557,20087.11884
284.2688,19935.04558
284.4819,19749.87063
284.695,19597.11307
284.908,19403.28674
285.1211,19164.22746
285.3341,18928.7658
285.5471,18699.97245
285.7601,18443.891
285.9731,18198.21239
286.1861,17969.25853
286.3991,17753.75492
286.612,17534.28932
286.825,17291.6073
287.0379,17069.33434
287.2508,16856.54623
287.4637,16594.88879
287.6766,16375.93744
287.8895,16134.6869
288.1024,15940.84437
288.3152,15716.63762
288.5281,15460.58896
288.7409,15248.7025
288.9538,15011.74681
289.1666,14794.6072
289.3794,14599.6256
289.5922,14423.32942
289.8049,14220.6782
290.0177,14038.85233
290.2304,13848.94239
290.4432,13658.20358
290.6559,13503.23988
290.8686,13338.87655
291.0813,13209.26224
291.294,13036.35013
291.5067,12849.83647
291.7194,12730.26071
291.932,12590.7663
292.1447,12475.55882
292.3573,12346.8693
292.5699,12241.78193
292.7825,12116.589
292.9951,12027.1736
293.2077,11939.61277
293.4203,11835.12348
293.6328,11715.29856
293.8454,11598.09415
294.0579,11505.8043
294.2704,11454.88627
294.4829,11349.13877
294.6954,11305.67773
294.9079,11231.6062
295.1204,11184.06504
295.3328,11097.04767
295.5453,11041.55168
295.7577,11002.22504
295.9701,10913.00842
296.1825,10875.074
296.3949,10824.31096
296.6073,10715.25872
296.8197,10650.93706
297.0321,10600.80056
297.2444,10531.31355
297.4567,10493.1063
297.6691,10460.9247
297.8814,10441.12395
298.0937,10422.10684
298.306,10418.76637
298.5182,10374.24572
298.7305,10360.10214
298.9428,10312.72665
299.155,10265.40343
299.3672,10228.35183
299.5794,10198.16517
299.7916,10210.54355
300.0038,10219.24838
300.216,10220.40941
300.4282,10227.19127
300.6403,10215.1339
300.8525,10278.15049
301.0646,10306.70766
301.2767,10318.46769
301.4888,10349.889
301.7009,10350.83878
301.913,10378.16063
302.125,10398.67753
302.3371,10429.60697
302.5491,10439.60434
302.7612,10469.48324
302.9732,10511.40651
303.1852,10529.51193
303.3972,10557.73117
303.6092,10583.03944
303.8211,10654.83119
304.0331,10689.83287
304.245,10710.44458
304.457,10791.35965
304.6689,10794.11645
304.8808,10835.78736
305.0927,10862.37827
305.3046,10881.26428
305.5164,10953.13771
305.7283,10960.01173
305.9401,11010.58139
306.152,11020.17158
306.3638,11042.59833
306.5756,11101.21749
306.7874,11135.62986
306.9992,11160.11237
307.2109,11186.04749
307.4227,11226.94169
307.6344,11276.21158
307.8462,11339.46128
308.0579,11379.26946
308.2696,11437.17716
308.4813,11465.67226
308.693,11480.60836
308.9046,11555.13362
309.1163,11620.54703
309.328,11673.71648
309.5396,11770.43786
309.7512,11827.88524
309.9628,11898.28763
310.1744,11958.70138
310.386,12014.65216
310.5976,12112.85301
310.8091,12138.36937
311.0207,12173.99135
311.2322,12244.01806
311.4437,12325.14883
311.6552,12403.81907
311.8667,12463.50977
312.0782,12505.62231
312.2897,12554.72633
312.5012,12589.70631
312.7126,12652.2247
312.924,12709.1894
313.1355,12763.97064
313.3469,12833.66023
313.5583,12889.84483
313.7696,12909.88841
313.981,12970.55222
314.1924,13027.10183
314.4037,13072.73458
314.6151,13129.59018
314.8264,13152.76593
315.0377,13235.48051
315.249,13309.00278
315.4603,13369.83307
315.6716,13430.28741
315.8828,13465.05267
316.0941,13536.19184
316.3053,13597.24696
316.5165,13647.77232
316.7277,13714.52086
316.9389,13777.12404
317.1501,13811.98595
317.3613,13875.29546
317.5724,13918.37655
317.7836,13967.1921
317.9947,14040.25961
318.2058,14071.8451
318.417,14162.7567
318.6281,14250.30016
318.8391,14315.6407
319.0502,14385.68114
319.2613,14441.95486
319.4723,14541.06572
319.6834,14610.91288
319.8944,14637.99122
320.1054,14718.78644
320.3164,14776.39678
320.5274,14841.62119
320.7383,14916.91577
320.9493,14971.26253
321.1602,15096.24075
321.3712,15184.16809
3.22E+02,15263.411
321.793,15330.45393
322.0039,15386.56532
322.2148,15439.48119
322.4257,15525.40932
322.6365,15530.37581
322.8474,15560.91193
323.0582,15643.12769
323.269,15706.99615
323.4798,15747.67028
323.6906,15767.55147
323.9014,15835.29051
324.1122,15933.55244
324.3229,15982.68028
324.5337,16059.25279
324.7444,16100.65484
324.9551,16141.30281
325.1658,16173.704
325.3765,16161.26871
325.5872,16186.3466
325.7979,16204.99838
326.0085,16238.49451
326.2192,16282.52552
326.4298,16325.53488
326.6404,16328.52433
326.851,16374.00918
327.0616,16397.81295
327.2722,16401.94258
327.4828,16434.93739
327.6933,16491.09377
327.9039,16512.12432
328.1144,16511.9433
328.3249,16518.58026
328.5354,16514.64563
328.7459,16517.9366
328.9564,16550.62274
329.1669,16576.7685
329.3773,16599.38593
329.5878,16604.18379
329.7982,16627.84875
330.0086,16592.68826
330.219,16602.33093
330.4294,16594.18236
330.6398,16545.6985
330.8502,16567.83074
331.0605,16565.18932
331.2708,16619.93329
331.4812,16631.54253
331.6915,16617.81928
331.9018,16615.13137
332.1121,16611.78531
332.3224,16598.6336
332.5326,16576.91762
332.7429,16579.86891
332.9531,16562.48792
333.1633,16550.82027
333.3735,16510.99153
333.5837,16481.00373
333.7939,16517.93298
334.0041,16521.15689
334.2143,16548.17891
334.4244,16547.54961
334.6346,16576.41441
334.8447,16606.30649
335.0548,16590.04273
335.2649,16601.97245
335.475,16587.12803
335.685,16598.35423
335.8951,16585.91541
336.1051,16607.51362
336.3152,16634.50221
336.5252,16688.80728
336.7352,16724.97657
336.9452,16765.07905
337.1552,16795.68552
337.3652,16844.83645
337.5751,16927.56698
337.7851,16998.89112
337.995,17001.10879
338.2049,17043.12709
338.4148,17132.83959
338.6247,17181.82608
338.8346,17258.89177
339.0445,17318.3384
339.2543,17386.32679
339.4642,17439.49057
339.674,17510.36842
339.8838,17593.22804
340.0936,17702.92813
340.3034,17767.58785
340.5132,17809.86079
340.7229,17837.77208
340.9327,17922.76814
341.1424,17946.96321
341.3522,18002.0232
341.5619,18024.78763
341.7716,18057.27386
341.9813,18079.98092
342.1909,18143.41058
342.4006,18197.01745
342.6102,18179.2904
342.8199,18214.51255
343.0295,18206.97815
343.2391,18241.91862
343.4487,18263.51789
343.6583,18252.36998
343.8679,18202.53121
344.0774,18183.23336
344.287,18181.50422
344.4965,18147.98451
344.706,18181.39634
344.9155,18163.10636
345.125,18090.56874
345.3345,18108.82735
345.544,18097.95567
345.7534,18098.84102
345.9629,18065.26301
346.1723,18094.83724
346.3817,18020.46498
346.5911,17980.85622
346.8005,17971.83447
347.0099,17946.19115
347.2193,17893.96438
347.4286,17850.81806
347.638,17835.06433
347.8473,17829.60533
348.0566,17793.10889
348.2659,17752.21172
348.4752,17672.54507
348.6845,17657.62914
348.8937,17597.0019
349.103,17579.90323
349.3122,17586.10702
349.5214,17543.34536
349.7306,17481.44424
349.9398,17445.51277
350.149,17420.81209
350.3582,17370.3883
350.5674,17381.4582
350.7765,17333.04438
350.9856,17315.34212
351.1948,17312.76438
351.4039,17358.45754
351.613,17353.71083
351.822,17322.98845
352.0311,17325.41517
352.2402,17351.42508
352.4492,17326.25108
352.6582,17336.39074
352.8672,17330.14711
353.0762,17303.47679
353.2852,17305.53857
353.4942,17316.24348
353.7032,17317.42032
353.9121,17318.80993
354.1211,17286.2965
354.33,17275.65968
354.5389,17248.23333
354.7478,17275.71596
354.9567,17258.31465
355.1655,17250.4519
355.3744,17192.3371
355.5833,17121.332
355.7921,17126.83365
356.0009,17132.87937
356.2097,17115.78983
356.4185,17100.32558
356.6273,17112.23027
356.8361,17111.44154
357.0448,17135.13347
357.2536,17154.11276
357.4623,17160.24483
357.671,17109.91709
357.8797,17114.49888
358.0884,17137.84279
358.2971,17171.13699
358.5057,17214.87743
358.7144,17259.47764
358.923,17241.18406
359.1316,17269.05689
359.3402,17267.85706
359.5488,17282.6023
359.7574,17310.37907
359.966,17297.65087
360.1746,17238.92121
360.3831,17230.35992
360.5916,17211.05146
360.8002,17190.15862
361.0087,17181.25089
361.2172,17098.42709
361.4256,17080.95026
361.6341,17016.37528
361.8426,17017.54565
362.051,16959.96227
362.2594,16935.04996
362.4678,16832.62134
362.6762,16747.63035
362.8846,16675.97335
363.093,16580.38671
363.3014,16515.55793
363.5097,16431.75538
363.718,16346.19483
363.9264,16224.97412
364.1347,16163.06234
364.343,16113.53097
364.5513,16069.33785
364.7595,15993.24615
364.9678,15898.49894
365.176,15832.22353
365.3842,15790.19806
365.5925,15726.97668
365.8007,15672.26644
366.0089,15604.21427
366.217,15552.01951
366.4252,15472.74188
366.6333,15434.86215
366.8415,15377.59448
367.0496,15248.39599
367.2577,15248.8385
367.4658,15196.0168
367.6739,15176.17359
367.882,15129.58052
368.09,15080.69017
368.2981,14992.28816
368.5061,14931.53674
368.7141,14832.2671
368.9221,14758.60611
369.1301,14722.7429
369.3381,14587.9363
369.5461,14532.67498
369.754,14430.73146
369.962,14402.33862
370.1699,14351.17973
370.3778,14273.69077
370.5857,14169.47975
370.7936,14104.27457
371.0015,13998.13895
371.2093,13949.32604
371.4172,13838.59057
371.625,13702.39994
371.8328,13578.12369
372.0406,13481.2738
372.2484,13448.81408
372.4562,13364.91684
372.664,13280.23498
372.8717,13196.53432
373.0795,13123.00046
373.2872,13034.40575
373.4949,12987.13453
373.7026,12881.77311
373.9103,12787.26528
374.118,12656.79239
374.3256,12539.98846
374.5333,12484.68617
374.7409,12432.74487
374.9485,12346.39504
375.1561,12236.2204
375.3637,12176.06956
375.5713,12068.27573
375.7789,11998.42348
375.9864,11944.91084
376.194,11884.43637
376.4015,11758.61428
376.609,11647.81974
376.8165,11582.62551
377.024,11539.62363
377.2315,11507.25714
377.4389,11424.9816
377.6464,11340.57932
377.8538,11238.61396
378.0612,11191.51807
378.2686,11127.61776
378.476,11041.87965
378.6834,10923.61408
378.8908,10835.69561
379.0981,10780.5594
379.3055,10740.9359
379.5128,10602.99429
379.7201,10541.76197
379.9274,10494.08791
380.1347,10422.87288
380.342,10333.76507
380.5492,10258.41564
380.7565,10193.96615
380.9637,10078.60958
381.1709,9930.312869
381.3781,9813.924164
381.5853,9759.379406
381.7925,9669.850464
381.9997,9632.173076
382.2068,9533.14969
382.4139,9442.918277
382.6211,9365.917383
382.8282,9307.196905
383.0353,9221.95467
383.2424,9170.680162
383.4494,9146.995092
383.6565,9147.541327
383.8635,9099.559377
384.0706,9059.852929
384.2776,8950.278229
384.4846,8925.760411
384.6916,8902.096242
384.8986,8844.584722
385.1055,8828.986512
385.3125,8786.773433
385.5194,8726.505021
385.7263,8651.306173
385.9333,8622.828602
386.1402,8548.7696
386.347,8551.691655
386.5539,8489.994695
386.7608,8470.538823
386.9676,8431.084669
387.1744,8354.886142
387.3813,8271.52266
387.5881,8184.927187
387.7948,8094.523521
388.0016,7999.09498
388.2084,7899.803685
388.4151,7877.296916
388.6219,7776.125726
388.8286,7698.100692
389.0353,7660.722375
389.242,7609.399926
389.4487,7605.001477
389.6553,7579.843857
389.862,7511.26059
390.0686,7447.021339
390.2753,7420.035489
390.4819,7285.141701
390.6885,7257.403243
390.8951,7196.150358
391.1016,7111.419821
391.3082,7098.624564
391.5147,7039.888723
391.7213,6993.138078
391.9278,6951.896575
392.1343,6906.216659
392.3408,6859.861872
392.5473,6849.096065
392.7537,6843.035403
392.9602,6741.496642
393.1666,6694.646511
393.373,6614.038381
393.5794,6555.108788
393.7858,6445.890456
393.9922,6412.417517
394.1986,6384.782698
394.4049,6301.682909
394.6113,6312.274041
394.8176,6239.785246
395.0239,6164.307663
395.2302,6141.731593
395.4365,6071.067877
395.6428,6021.044134
395.8491,5949.238785
396.0553,5906.447032
396.2615,5856.273947
396.4678,5833.514834
396.674,5732.946377
396.8802,5663.387301
397.0863,5671.668899
397.2925,5628.888081
397.4987,5576.626804
397.7048,5485.139927
397.9109,5483.778981
398.117,5423.210939
398.3231,5390.64177
398.5292,5355.515558
398.7353,5284.344493
398.9413,5203.301686
399.1474,5167.747731
399.3534,5117.598183
399.5594,5018.944766
399.7654,4939.698638
399.9714,4917.660675
400.1774,4877.713178
400.3833,4863.647155
400.5893,4796.852577
400.7952,4794.858428
401.0011,4745.365713
401.207,4679.270706
401.4129,4609.68489
401.6188,4562.766465
401.8247,4577.391168
402.0305,4511.111091
402.2364,4475.15096
402.4422,4425.144479
402.648,4366.952256
402.8538,4328.345125
403.0596,4355.559324
403.2654,4331.666662
403.4711,4290.479812
403.6768,4319.847371
403.8826,4311.579286
404.0883,4289.316838
404.294,4227.049161
404.4997,4172.392919
404.7054,4139.417638
404.911,4047.367942
405.1167,4031.785788
405.3223,4022.858511
405.5279,4034.494437
405.7335,4019.290601
405.9391,3988.552362
406.1447,3982.967779
406.3502,3970.335671
406.5558,3942.406746
406.7613,3949.260665
406.9668,3965.089619
407.1724,3904.839691
407.3778,3838.883561
407.5833,3821.12787
407.7888,3803.216063
407.9942,3826.463443
408.1997,3794.378017
408.4051,3771.110971
408.6105,3745.207827
408.8159,3698.566276
409.0213,3691.607717
409.2267,3626.688643
409.432,3588.489399
409.6374,3468.578775
409.8427,3461.431851
410.048,3396.900168
410.2533,3317.052162
410.4586,3293.875341
410.6639,3287.206321
410.8691,3227.407804
411.0744,3143.215047
411.2796,3078.612968
411.4848,3105.681482
411.69,3069.632893
411.8952,2995.336874
412.1004,2908.367633
412.3056,2839.70929
412.5107,2848.339888
412.7158,2838.76127
412.921,2864.092439
413.1261,2818.715833
413.3312,2802.895675
413.5362,2803.351868
413.7413,2820.682445
413.9464,2827.25252
414.1514,2802.732928
414.3564,2854.753898
414.5614,2796.999107
414.7664,2757.531357
414.9714,2717.211928
415.1764,2727.801348
415.3813,2777.666536
415.5863,2733.311038
415.7912,2702.316096
415.9961,2687.338713
416.201,2686.895223
416.4059,2697.747179
416.6108,2645.944737
416.8156,2586.775579
417.0205,2538.391763
417.2253,2528.016604
417.4301,2502.685441
417.6349,2443.509211
417.8397,2442.559561
418.0445,2363.302877
418.2492,2367.368686
418.454,2294.477131
418.6587,2277.493061
418.8634,2231.7409
419.0681,2193.134613
419.2728,2121.961069
419.4775,2023.253042
419.6822,2030.686026
419.8868,1977.417979
420.0915,1929.811893
420.2961,1842.820613
420.5007,1832.668895
420.7053,1827.633015
420.9099,1843.587038
421.1144,1840.747665
421.319,1817.114293
421.5235,1813.471598
421.728,1835.387073
421.9325,1829.072665
422.137,1826.08767
422.3415,1771.673819
422.546,1771.373579
422.7504,1759.941043
422.9549,1750.118707
423.1593,1767.655154
423.3637,1735.581173
423.5681,1756.673401
423.7725,1715.249376
423.9769,1711.395181
424.1812,1764.337143
424.3856,1773.624688
424.5899,1717.319723
424.7942,1708.449529
424.9985,1697.849137
425.2028,1665.344595
425.4071,1717.585974
425.6113,1704.927027
425.8156,1644.539003
426.0198,1586.019254
426.224,1531.630047
426.4282,1510.922971
426.6324,1511.278784
426.8366,1535.896636
427.0407,1486.003176
427.2449,1477.326909
427.449,1539.087118
427.6531,1517.527759
427.8572,1459.594292
428.0613,1471.308994
428.2654,1428.667343
428.4694,1442.653484
428.6735,1478.775476
428.8775,1477.774596
429.0815,1423.176884
429.2855,1443.912305
429.4895,1373.977598
429.6935,1378.191055
429.8975,1385.157579
430.1014,1428.822774
430.3053,1466.983182
430.5093,1453.795509
430.7132,1431.068754
430.9171,1379.425863
431.1209,1388.223425
431.3248,1368.099868
431.5286,1347.811539
431.7325,1357.536534
431.9363,1365.876066
432.1401,1303.344106
432.3439,1281.005634
432.5477,1223.004433
432.7514,1207.254537
432.9552,1175.097611
433.1589,1195.293937
433.3627,1095.571315
433.5664,1073.018896
433.7701,1041.054859
433.9737,1025.442526
434.1774,996.9466347
434.3811,956.0090908
434.5847,991.2417495
434.7883,969.9834614
434.9919,944.41839
435.1955,923.8252648
435.3991,941.9704599
435.6027,912.5560682
435.8062,915.3625569
436.0098,894.8104079
436.2133,929.086012
436.4168,896.389424
436.6203,958.0003306
436.8238,902.6092111
437.0272,897.0647315
437.2307,852.0462918
437.4341,928.4953256
437.6375,942.0762722
437.841,927.0352716
438.0443,942.830744
438.2477,886.2069293
438.4511,855.9588649
438.6545,832.5836816
438.8578,798.5854821
439.0611,797.9928101
439.2644,820.0021478
439.4677,780.8500212
439.671,737.8890791
439.8743,670.7360279
440.0775,680.8133065
440.2808,659.0098518
440.484,681.4702169
440.6872,636.7435998
440.8904,610.278122
441.0936,603.9498101
441.2967,621.1732957
441.4999,595.0314497
441.703,573.0931763
441.9062,585.1084276
442.1093,572.8953813
442.3124,578.9249958
442.5155,602.5392554
442.7185,559.9534723
442.9216,553.7027337
443.1246,559.5424033
443.3276,565.7549538
443.5307,564.3800916
443.7337,570.4055727
443.9366,561.2830159
444.1396,604.1093668
444.3426,596.0624018
444.5455,566.9555169
444.7484,578.385607
444.9513,613.1791915
445.1542,582.4179649
445.3571,569.9001105
445.56,567.5586242
445.7628,578.4649889
445.9657,555.8223748
446.1685,514.3486484
446.3713,566.6097755
446.5741,560.3691976
446.7769,564.9590023
446.9797,572.9873772
447.1824,566.5896451
447.3852,512.5988122
447.5879,496.0448383
447.7906,492.0842234
447.9933,480.0293879
448.196,380.7656821
448.3986,323.6668567
448.6013,311.5623942
448.8039,302.7319871
449.0066,271.0539649
449.2092,294.2364864
449.4118,257.0251571
449.6143,247.9155227
449.8169,228.2639184
450.0195,188.6048459
450.222,174.6108611
450.4245,139.7318836
450.627,128.7329912
450.8295,128.523373
451.032,133.8074573
451.2345,106.3805455
451.4369,119.7969267
451.6394,147.6402826
451.8418,180.7765179
452.0442,215.7988593
452.2466,249.5853659
452.449,312.15958
452.6513,347.4286466
452.8537,328.2874163
453.056,350.2037467
453.2583,364.2351414
453.4607,394.2574889
453.663,374.0774975
453.8652,337.2444913
454.0675,344.2916149
454.2697,351.9799117
454.472,321.1697063
454.6742,320.7605677
454.8764,348.1149277
455.0786,347.0949782
455.2808,346.8921799
455.4829,351.2722587
455.6851,309.894527
455.8872,247.602359
456.0893,234.8011498
456.2915,222.3042834
456.4935,227.3652418
456.6956,223.8017677
456.8977,252.1096524
457.0997,236.4434958
457.3018,217.2802269
457.5038,239.2055983
457.7058,245.6306486
457.9078,258.3195938
458.1098,267.6934441
458.3117,290.3673147
458.5137,287.3589219
458.7156,330.1319269
458.9175,306.7475826
459.1194,302.9733827
459.3213,321.7110486
459.5232,308.7829664
459.725,327.2760144
459.9269,329.4565789
460.1287,334.5459427
460.3305,348.9915786
460.5323,316.1420572
460.7341,328.3767785
460.9359,290.4335527
461.1376,300.4435122
461.3394,289.2133775
461.5411,254.8279947
461.7428,241.30203
461.9445,258.2691132
462.1462,268.3099574
462.3479,261.2129182
462.5495,288.3700094
462.7512,253.2525858
462.9528,251.2670059
463.1544,285.7241296
463.356,284.7272124
463.5576,303.7663516
463.7592,296.9431099
463.9607,306.119604
464.1623,311.4213862
464.3638,249.9565302
464.5653,249.3232335
464.7668,193.1425998
464.9683,183.596968
465.1697,129.3391757
465.3712,116.9748317
465.5726,172.7135991
465.7741,169.1839602
465.9755,142.91429
466.1769,149.9963055
466.3782,113.5644292
466.5796,96.2388973
466.7809,71.76020641
466.9823,28.02876297
467.1836,39.56770098
467.3849,6.891200744
467.5862,17.92372122
467.7875,70.79088373
467.9887,72.01741343
468.19,65.25639411
468.3912,146.7575077
468.5924,180.1939015
468.7936,200.0168099
468.9948,220.1446524
469.196,284.2620699
469.3972,347.2063972
469.5983,301.1095714
469.7994,313.9010039
470.0006,321.2720417
470.2017,280.6531142
470.4027,250.7823406
470.6038,259.2504745
470.8049,249.4302465
471.0059,273.2680973
471.2069,185.3294072
471.408,150.9168018
471.6089,92.89588895
471.8099,60.54682069
472.0109,76.45220386
472.2119,88.11061593
472.4128,71.83058992
472.6137,66.76187485
472.8146,79.88427524
473.0155,57.31615761
473.2164,62.20181064
473.4173,17.60562702
473.6181,0
473.819,40.89896563
474.0198,64.23386576
474.2206,75.77831495
474.4214,151.3646589
474.6222,162.5842996
474.8229,178.5835823
475.0237,192.1176066
475.2244,215.2836128
475.4251,293.8354732
475.6258,374.8360524
475.8265,330.7816945
476.0272,326.7769819
476.2278,311.5467842
476.4285,303.8900832
476.6291,267.8083887
476.8297,276.3387511
477.0303,293.5391778
477.2309,258.1211994
477.4315,240.2273487
477.632,252.3022862
477.8326,243.6206081
478.0331,243.9336768
478.2336,268.7843119
478.4341,240.1368592
478.6346,230.72275
478.8351,219.8521653
479.0355,214.5954745
479.236,215.872877
479.4364,179.6032007
479.6368,151.1939483
479.8372,138.0792112
480.0376,135.2182081
480.2379,125.1647687
480.4383,149.885265
480.6386,190.6325754
480.8389,207.3602817
481.0392,214.5800606
481.2395,222.6567722
481.4398,239.1382817
481.6401,231.318387
481.8403,216.5132456
482.0405,191.9567986
482.2408,203.4225732
482.441,217.9914773
482.6411,209.9731818
482.8413,211.0483896
483.0415,204.2544657
483.2416,208.8630434
483.4417,224.953596
483.6419,207.9688716
483.8419,247.7077893
484.042,256.2399765
484.2421,291.25132
484.4422,242.3384565
484.6422,224.3465911
484.8422,186.0520068
485.0422,208.6022253
485.2422,218.2723019
485.4422,210.5357435
485.6422,233.9930623
485.8421,218.3187893
486.042,228.8180029
486.242,200.5757443
486.4419,203.5413238
486.6417,187.0181837
486.8416,202.6202687
487.0415,201.9283668
487.2413,208.5101933
487.4411,194.3734297
487.641,178.472438
487.8408,185.6911602
488.0405,174.0559004
488.2403,162.0821293
488.4401,188.7481355
488.6398,159.5986446
488.8395,172.3717877
489.0392,143.4006341
489.2389,144.118771
489.4386,134.4926213
489.6383,91.01157719
489.8379,75.72735479
490.0376,64.6708387
490.2372,63.91231079
490.4368,34.51407469
490.6364,50.17949565
490.836,49.14081573
491.0355,63.25299237
491.2351,61.03426409
491.4346,79.20347909
491.6341,63.10729546
491.8336,69.44273003
492.0331,74.56625621
492.2326,74.43473352
492.432,59.52626759
492.6315,109.8905485
492.8309,111.4004512
493.0303,123.1393749
493.2297,62.56273245
493.4291,62.46773153
493.6284,94.75037496
493.8278,83.79476115
494.0271,125.3276718
494.2264,126.3093825
494.4257,151.1689386
494.625,166.3277978
494.8243,188.4073219
495.0236,178.3188767
495.2228,202.1800809
495.422,221.2133878
495.6213,269.7448516
495.8205,263.0544474
496.0196,300.8243127
496.2188,301.6350912
496.418,310.1704303
496.6171,296.4862546
496.8162,297.096267
497.0153,283.9668395
497.2144,364.8299316
497.4135,397.1261518
497.6126,375.1443151
497.8116,394.7531509
498.0107,389.6715256
498.2097,380.1979496
498.4087,387.4117688
498.6077,382.9378362
498.8067,375.6990107
499.0056,399.9505874
499.2046,383.0859369
499.4035,363.8843662
499.6024,343.720579
499.8013,334.8462619
500.0002,328.1493367
500.1992545,321.5863499
500.3982045,315.1546229
500.5971545,308.8515305
500.7961045,302.6744999
500.9950545,296.6210099
501.1940045,290.6885897
501.3929545,321.2494
501.5919045,314.824412
501.7908545,308.5279238
501.9898045,302.3573653
502.1887545,296.310218
502.3877045,290.3840136
502.5866545,284.5763333
502.7856045,278.8848067
502.9845545,273.3071105
503.1835045,267.8409683
503.3824545,262.484149
503.5814045,257.234466
503.7803545,252.0897767
503.9793045,247.0479811
504.1782545,242.1070215
504.3772045,237.2648811
504.5761545,232.5195835
504.7751045,227.8691918
504.9740545,223.311808
505.1730045,218.8455718
505.3719545,214.4686604
505.5709045,210.1792872
505.7698545,205.9757014
505.9688045,201.8561874
506.1677545,197.8190636
506.3667045,193.8626824
506.5656545,189.9854287
506.7646045,186.1857201
506.9635545,182.4620057
507.1625045,178.8127656
507.3614545,175.2365103
507.5604045,171.7317801
507.7593545,168.2971445
507.9583045,164.9312016
508.1572545,161.6325776
508.3562045,158.399926
508.5551545,155.2319275
508.7541045,152.127289
508.9530545,149.0847432
509.1520045,146.1030483
509.3509545,143.1809873
509.5499045,140.3173676
509.7488545,137.5110202
509.9478045,134.7607998
510.1467545,132.0655838
510.3457045,129.4242722
510.5446545,126.8357867
510.7436045,124.299071
510.9425545,121.8130896
511.1415045,119.3768278
511.3404545,116.9892912
511.5394045,114.6495054
511.7383545,112.3565153
511.9373045,110.109385
512.1362545,107.9071973
512.3352045,105.7490533
512.5341545,103.6340723
512.7331045,101.5613908
512.9320545,99.53016301
513.1310045,97.53955975
513.3299545,95.58876856
513.5289045,93.67699319
513.7278545,91.80345332
513.9268045,89.96738426
514.1257545,88.16803657
514.3247045,86.40467584
514.5236545,84.67658232
514.7226045,82.98305068
514.9215545,81.32338966
515.1205045,79.69692187
515.3194545,78.10298343
515.5184045,76.54092376
515.7173545,75.01010529
515.9163045,73.50990318
516.1152545,72.03970512
516.3142045,70.59891102
516.5131545,69.1869328
516.7121045,67.80319414
516.9110545,66.44713026
517.1100045,65.11818765
517.3089545,63.8158239
517.5079045,62.53950742
517.7068545,61.28871727
517.9058045,60.06294293
518.1047545,58.86168407
518.3037045,57.68445039
518.5026545,56.53076138
518.7016045,55.40014615
518.9005545,54.29214323
519.0995045,53.20630036
519.2984545,52.14217436
519.4974045,51.09933087
519.6963545,50.07734425
519.8953045,49.07579737
520.0942545,48.09428142
520.2932045,47.13239579
520.4921545,46.18974788
520.6911045,45.26595292
520.8900545,44.36063386
521.0890045,43.47342118
521.2879545,42.60395276
521.4869045,41.7518737
521.6858545,40.91683623
521.8848045,40.09849951
522.0837545,39.29652952
522.2827045,38.51059893
522.4816545,37.74038695
522.6806045,36.98557921
522.8795545,36.24586762
523.0785045,35.52095027
523.2774545,34.81053127
523.4764045,34.11432064
523.6753545,33.43203423
523.8743045,32.76339354
524.0732545,32.10812567
524.2722045,31.46596316
524.4711545,30.8366439
524.6701045,30.21991102
524.8690545,29.6155128
525.0680045,29.02320254
525.2669545,28.44273849
525.4659045,27.87388372
525.6648545,27.31640605
525.8638045,26.77007793
526.0627545,26.23467637
526.2617045,25.70998284
526.4606545,25.19578318
526.6596045,24.69186752
526.8585545,24.19803017
527.0575045,23.71406957
527.2564545,23.23978817
527.4554045,22.77499241
527.6543545,22.31949256
527.8533045,21.87310271
528.0522545,21.43564066
528.2512045,21.00692784
528.4501545,20.58678929
528.6491045,20.1750535
528.8480545,19.77155243
529.0470045,19.37612138
529.2459545,18.98859895
529.4449045,18.60882698
529.6438545,18.23665044
529.8428045,17.87191743
530.0417545,17.51447908
530.2407045,17.1641895
530.4396545,16.82090571
530.6386045,16.48448759
530.8375545,16.15479784
531.0365045,15.83170188
531.2354545,15.51506785
531.4344045,15.20476649
531.6333545,14.90067116
531.8323045,14.60265774
532.0312545,14.31060458
532.2302045,14.02439249
532.4291545,13.74390464
532.6281045,13.46902655
532.8270545,13.19964602
533.0260045,12.9356531
533.2249545,12.67694003
533.4239045,12.42340123
533.6228545,12.17493321
533.8218045,11.93143455
534.0207545,11.69280585
534.2197045,11.45894974
534.4186545,11.22977074
534.6176045,11.00517533
534.8165545,10.78507182
535.0155045,10.56937038
535.2144545,10.35798298
535.4134045,10.15082332
535.6123545,9.947806851
535.8113045,9.748850714
536.0102545,9.5538737
536.2092045,9.362796226
536.4081545,9.175540301
536.6071045,8.992029495
536.8060545,8.812188905
537.0050045,8.635945127
537.2039545,8.463226225
537.4029045,8.2939617
537.6018545,8.128082466
537.8008045,7.965520817
537.9997545,7.8062104
538.1987045,7.650086192
538.3976545,7.497084469
538.5966045,7.347142779
538.7955545,7.200199924
538.9945045,7.056195925
539.1934545,6.915072007
539.3924045,6.776770567
539.5913545,6.641235155
539.7903045,6.508410452
539.9892545,6.378242243
540.1882045,6.250677398
540.3871545,6.12566385
540.5861045,6.003150573
540.7850545,5.883087562
540.9840045,5.765425811
541.1829545,5.650117294
541.3819045,5.537114948
541.5808545,5.426372649
541.7798045,5.317845196
541.9787545,5.211488293
542.1777045,5.107258527
542.3766545,5.005113356
542.5756045,4.905011089
542.7745545,4.806910867
542.9735045,4.71077265
543.1724545,4.616557197
543.3714045,4.524226053
543.5703545,4.433741532
543.7693045,4.345066701
543.9682545,4.258165367
544.1672045,4.17300206
544.3661545,4.089542019
544.5651045,4.007751178
544.7640545,3.927596155
544.9630045,3.849044232
545.1619545,3.772063347
545.3609045,3.69662208
545.5598545,3.622689638
545.7588045,3.550235846
545.9577545,3.479231129
546.1567045,3.409646506
546.3556545,3.341453576
546.5546045,3.274624505
546.7535545,3.209132014
546.9525045,3.144949374
547.1514545,3.082050387
547.3504045,3.020409379
547.5493545,2.960001191
547.7483045,2.900801168
547.9472545,2.842785144
548.1462045,2.785929441
548.3451545,2.730210853
548.5441045,2.675606635
548.7430545,2.622094503
548.9420045,2.569652613
549.1409545,2.51825956
549.3399045,2.467894369
549.5388545,2.418536482
549.7378045,2.370165752
549.9367545,2.322762437
550.1357045,2.276307188
550.3346545,2.230781045
550.5336045,2.186165424
550.7325545,2.142442115
550.9315045,2.099593273
551.1304545,2.057601408
551.3294045,2.016449379
551.5283545,1.976120392
551.7273045,1.936597984
551.9262545,1.897866024
552.1252045,1.859908704
552.3241545,1.82271053
552.5231045,1.786256319
552.7220545,1.750531193
552.9210045,1.715520569
553.1199545,1.681210158
553.3189045,1.647585954
553.5178545,1.614634235
553.7168045,1.582341551
553.9157545,1.55069472
554.1147045,1.519680825
554.3136545,1.489287209
554.5126045,1.459501464
554.7115545,1.430311435
554.9105045,1.401705206
555.1094545,1.373671102
555.3084045,1.34619768
555.5073545,1.319273727
555.7063045,1.292888252
555.9052545,1.267030487
556.1042045,1.241689877
556.3031545,1.21685608
556.5021045,1.192518958
556.7010545,1.168668579
556.9000045,1.145295207
557.0989545,1.122389303
557.2979045,1.099941517
557.4968545,1.077942687
557.6958045,1.056383833
557.8947545,1.035256157
558.0937045,1.014551033
558.2926545,0.994260013
558.4916045,0.974374812
558.6905545,0.954887316
558.8895045,0.93578957
559.0884545,0.917073779
559.2874045,0.898732303
559.4863545,0.880757657
559.6853045,0.863142504
559.8842545,0.845879654
560.0832045,0.828962061
560.2821545,0.812382819
560.4811045,0.796135163
560.6800545,0.78021246
560.8790045,0.764608211
561.0779545,0.749316046
561.2769045,0.734329725
561.4758545,0.719643131
561.6748045,0.705250268
561.8737545,0.691145263
562.0727045,0.677322358
562.2716545,0.66377591
562.4706045,0.650500392
562.6695545,0.637490384
562.8685045,0.624740577
563.0674545,0.612245765
563.2664045,0.60000085
563.4653545,0.588000833
563.6643045,0.576240816
563.8632545,0.564716
564.0622045,0.55342168
564.2611545,0.542353246
564.4601045,0.531506181
564.6590545,0.520876058
564.8580045,0.510458537
565.0569545,0.500249366
565.2559045,0.490244379
565.4548545,0.480439491
565.6538045,0.470830701
565.8527545,0.461414087
566.0517045,0.452185805
566.2506545,0.443142089
566.4496045,0.434279248
566.6485545,0.425593663
566.8475045,0.417081789
567.0464545,0.408740154
567.2454045,0.40056535
567.4443545,0.392554043
567.6433045,0.384702963
567.8422545,0.377008903
568.0412045,0.369468725
568.2401545,0.362079351
568.4391045,0.354837764
568.6380545,0.347741008
568.8370045,0.340786188
569.0359545,0.333970465
569.2349045,0.327291055
569.4338545,0.320745234
569.6328045,0.314330329
569.8317545,0.308043723
570.0307045,0.301882848
570.2296545,0.295845191
570.4286045,0.289928288
570.6275545,0.284129722
570.8265045,0.278447127
571.0254545,0.272878185
571.2244045,0.267420621
571.4233545,0.262072209
571.6223045,0.256830765
571.8212545,0.251694149
572.0202045,0.246660266
572.2191545,0.241727061
572.4181045,0.23689252
572.6170545,0.232154669
572.8160045,0.227511576
573.0149545,0.222961344
573.2139045,0.218502118
573.4128545,0.214132075
573.6118045,0.209849434
573.8107545,0.205652445
574.0097045,0.201539396
574.2086545,0.197508608
574.4076045,0.193558436
574.6065545,0.189687267
574.8055045,0.185893522
575.0044545,0.182175652
575.2034045,0.178532139
575.4023545,0.174961496
575.6013045,0.171462266
575.8002545,0.168033021
575.9992045,0.16467236
576.1981545,0.161378913
576.3971045,0.158151335
576.5960545,0.154988308
576.7950045,0.151888542
576.9939545,0.148850771
577.1929045,0.145873756
577.3918545,0.14295628
577.5908045,0.140097155
577.7897545,0.137295212
577.9887045,0.134549307
578.1876545,0.131858321
578.3866045,0.129221155
578.5855545,0.126636732
578.7845045,0.124103997
578.9834545,0.121621917
579.1824045,0.119189479
579.3813545,0.116805689
579.5803045,0.114469576
579.7792545,0.112180184
579.9782045,0.10993658
580.1771545,0.107737849
580.3761045,0.105583092
580.5750545,0.10347143
580.7740045,0.101402001
580.9729545,0.099373961
581.1719045,0.097386482
581.3708545,0.095438752
581.5698045,0.093529977
581.7687545,0.091659378
581.9677045,0.08982619
582.1666545,0.088029666
582.3656045,0.086269073
582.5645545,0.084543692
582.7635045,0.082852818
582.9624545,0.081195761
583.1614045,0.079571846
583.3603545,0.077980409
583.5593045,0.076420801
583.7582545,0.074892385
583.9572045,0.073394537
584.1561545,0.071926647
584.3551045,0.070488114
584.5540545,0.069078351
584.7530045,0.067696784
584.9519545,0.066342849
585.1509045,0.065015992
585.3498545,0.063715672
585.5488045,0.062441358
585.7477545,0.061192531
585.9467045,0.059968681
586.1456545,0.058769307
586.3446045,0.057593921
586.5435545,0.056442043
586.7425045,0.055313202
586.9414545,0.054206938
587.1404045,0.053122799
587.3393545,0.052060343
587.5383045,0.051019136
587.7372545,0.049998753
587.9362045,0.048998778
588.1351545,0.048018803
588.3341045,0.047058427
588.5330545,0.046117258
588.7320045,0.045194913
588.9309545,0.044291015
589.1299045,0.043405194
589.3288545,0.042537091
589.5278045,0.041686349
589.7267545,0.040852622
589.9257045,0.040035569
590.1246545,0.039234858
590.3236045,0.038450161
590.5225545,0.037681158
590.7215045,0.036927534
590.9204545,0.036188984
591.1194045,0.035465204
591.3183545,0.0347559
591.5173045,0.034060782
591.7162545,0.033379566
591.9152045,0.032711975
592.1141545,0.032057735
592.3131045,0.031416581
592.5120545,0.030788249
592.7110045,0.030172484
592.9099545,0.029569034
593.1089045,0.028977654
593.3078545,0.028398101
593.5068045,0.027830139
593.7057545,0.027273536
593.9047045,0.026728065
594.1036545,0.026193504
594.3026045,0.025669634
594.5015545,0.025156241
594.7005045,0.024653116
594.8994545,0.024160054
595.0984045,0.023676853
595.2973545,0.023203316
595.4963045,0.02273925
595.6952545,0.022284465
595.8942045,0.021838775
596.0931545,0.021402
596.2921045,0.02097396
596.4910545,0.020554481
596.6900045,0.020143391
596.8889545,0.019740523
597.0879045,0.019345713
597.2868545,0.018958798
597.4858045,0.018579622
597.6847545,0.01820803
597.8837045,0.017843869
598.0826545,0.017486992
598.2816045,0.017137252
598.4805545,0.016794507
598.6795045,0.016458617
598.8784545,0.016129445
599.0774045,0.015806856
599.2763545,0.015490719
599.4753045,0.015180904
599.6742545,0.014877286
599.8732045,0.01457974
600.0721545,0.014288146
